"Status","Start Time","Stop Time","Duration in ms","Parent Suite","Suite","Sub Suite","Test Class","Test Method","Name","Description"
"passed","Sun Jan 15 21:20:12 UTC 2023","Sun Jan 15 21:20:12 UTC 2023","32","Products","","","","","Get product by ID",""
"passed","Sun Jan 15 21:20:12 UTC 2023","Sun Jan 15 21:20:12 UTC 2023","155","Products","","","","","Create product",""
"passed","Sun Jan 15 21:20:12 UTC 2023","Sun Jan 15 21:20:12 UTC 2023","32","Orders","","","","","Get order by ID",""
"passed","Sun Jan 15 21:20:12 UTC 2023","Sun Jan 15 21:20:12 UTC 2023","32","Users","","","","","Check pagination",""
"passed","Sun Jan 15 21:20:12 UTC 2023","Sun Jan 15 21:20:12 UTC 2023","37","Products","","","","","Check pagination",""
"passed","Sun Jan 15 21:20:12 UTC 2023","Sun Jan 15 21:20:12 UTC 2023","40","Products","","","","","List products",""
"passed","Sun Jan 15 21:20:12 UTC 2023","Sun Jan 15 21:20:12 UTC 2023","37","Products","","","","","Update product",""
"passed","Sun Jan 15 21:20:12 UTC 2023","Sun Jan 15 21:20:12 UTC 2023","40","Products","","","","","Remove product by ID",""
"passed","Sun Jan 15 21:20:12 UTC 2023","Sun Jan 15 21:20:12 UTC 2023","33","Orders","","","","","Check pagination",""
"passed","Sun Jan 15 21:20:12 UTC 2023","Sun Jan 15 21:20:12 UTC 2023","32","Orders","","","","","Update order",""
"passed","Sun Jan 15 21:20:12 UTC 2023","Sun Jan 15 21:20:12 UTC 2023","31","Orders","","","","","List orders",""
"passed","Sun Jan 15 21:20:12 UTC 2023","Sun Jan 15 21:20:12 UTC 2023","29","Users","","","","","Sort users by email",""
"passed","Sun Jan 15 21:20:12 UTC 2023","Sun Jan 15 21:20:12 UTC 2023","34","Users","","","","","Create user",""
"passed","Sun Jan 15 21:20:12 UTC 2023","Sun Jan 15 21:20:12 UTC 2023","37","Users","","","","","Remove user by ID",""
"passed","Sun Jan 15 21:20:12 UTC 2023","Sun Jan 15 21:20:12 UTC 2023","41","Users","","","","","List users",""
"passed","Sun Jan 15 21:20:12 UTC 2023","Sun Jan 15 21:20:12 UTC 2023","36","Orders","","","","","Create order",""
"passed","Sun Jan 15 21:20:12 UTC 2023","Sun Jan 15 21:20:12 UTC 2023","36","Orders","","","","","Remove order by ID",""
"passed","Sun Jan 15 21:20:12 UTC 2023","Sun Jan 15 21:20:12 UTC 2023","33","Users","","","","","Get user by ID",""
"passed","Sun Jan 15 21:20:12 UTC 2023","Sun Jan 15 21:20:12 UTC 2023","35","Users","","","","","Update user",""
